{
  "epoch": [
    1,
    2,
    3
  ],
  "train/loss/total": [
    0.2065203835095533,
    0.008470181741603565,
    0.0038130413283678616
  ],
  "train/loss/prediction": [
    0.2065203708274798,
    0.008469891412479972,
    0.003812821430725638
  ],
  "train/loss/collapse": [
    1.2686814774166454e-07,
    2.9032986441796476e-06,
    2.198927527801557e-06
  ],
  "train/embedding/variance": [
    1.022555501461029,
    1.0050408757816662,
    1.0005291894349184
  ],
  "train/embedding/std": [
    1.011208890351382,
    1.0025137121027166,
    1.000264531861652
  ],
  "train/embedding/mean_abs": [
    0.873065164143389,
    0.8636868634549054,
    0.8593336402828043
  ],
  "train/grad_norm": [
    1.3747027171877297,
    0.19936777481301265,
    0.11726255793801763
  ],
  "train/lr": [
    9.999999999999999e-05,
    0.00019999999999999998,
    0.0003
  ],
  "val/loss/total": [
    0.10115306251123547,
    0.09831836255826056,
    0.10244955536723137
  ],
  "val/loss/prediction": [
    0.006293864597566426,
    0.0023492538100108504,
    0.011088375079445541
  ],
  "val/loss/collapse": [
    0.9485919645428658,
    0.9596910745799542,
    0.9136117877811194
  ],
  "val/embedding/variance": [
    0.06959423062026326,
    0.0420094309913693,
    0.19393242253767676
  ],
  "val/embedding/std": [
    0.1366234016492963,
    0.10675134829990565,
    0.2296700381860137
  ],
  "val/embedding/mean_abs": [
    0.9801168975830078,
    0.8007995510697364,
    1.5740716305971145
  ]
}