{
  "channel_gsnr": {
    "mean": 19.423736371397816,
    "std": 2.6294598061108965
  },
  "per_topology": {
    "topo_A_small_mesh": {
      "channel_gsnr": {
        "mean": 19.423736371397816,
        "std": 2.6294598061108965,
        "min": 13.005870819091797,
        "max": 26.94980239868164
      },
      "channel_power": {
        "mean": -4.483538293674981,
        "std": 1.8728913661226485,
        "min": -9.900146484375,
        "max": 0.57645183801651
      },
      "global_features": {
        "mean": [
          39.71628189086914,
          6.59465217590332,
          39.59573745727539,
          0.12054507434368134,
          4.707174777984619,
          10.139261245727539,
          0.08414000272750854,
          0.17776907980442047
        ],
        "std": [
          15.563947677612305,
          3.1962287425994873,
          15.597274780273438,
          0.3602364957332611,
          2.8004209995269775,
          1.5793657302856445,
          0.03288941830396652,
          0.06788678467273712
        ]
      },
      "probing_targets": [
        "global_features[0]: n_active_lightpaths",
        "global_features[1]: total_capacity_tbps",
        "global_features[4]: worst_margin_db",
        "global_features[5]: avg_margin_db",
        "global_features[6]: spectral_utilization"
      ]
    }
  }
}